	artist_name	song_title	lyrics
0	yg	10 TIMES by YG	['ten time harder real nigga', 'ten time harder real nigga', 'ten time harder real nigga', 'ten time harder real nigga', 'ten time harder', 'fuck DA fuck P', 'fuck presid fuck Po po', 'follow wanna keep close', 'tri hold back let go', 'sip drank sip drank', 'pick phone call michel', 'hold gotta make play', 'play not get made not okay', 'look eye tell see', 'whole lotta live depend', 'hold hold', 'check not town', 'put smile girl put smile', 'lot shoulder gotta balanc', 'put smile girl put smile', 'take care child', 'harder real nigga hey', 'ten time harder real nigga', 'ten time harder real nigga', 'ten time harder real nigga', 'ten time harder', 'gotta go courthous', 'judg not give fuck oww', 'fingerprint evid', 'fuck ama', 'hold tight hold close', 'lifestyl got', 'fuck let us make toast', 'lord keep us aliv never take soul', 'prayin prayin', 'thi must cannot sleep stay', 'pop told chang chang gonna say chang', 'everybodi depend', 'got nobodi run', 'got nobodi come final come feel like fuck', 'harder real nigga hey', 'ten time harder real nigga', 'ten time harder real nigga', 'ten time harder real nigga', 'ten time harder', 'lord lord pleas pleas give give us life gimm life need life need pleas pleas lord']
1	yg	1 AM by YG	['YG alright come whoop nigga Im right nigga', 'bang line know', 'unnam caller Fo sho alright', 'wa mornin wa yawnin', 'mom ask go hood not knowin', 'pop lock mama could not stop', 'wa hous asap rocki', 'wa not caus could not control us', 'wa babi want hold us', 'not get disciplin friend start whisperin', 'wa bad mama mama said fuck em', 'wa street stylin nobodi could tell noth', 'grandpa grandma not aunti favorit cousin', 'wa buzzin', 'fuckin hoe wear no condom no noth', 'use ditch school homi chevi', 'use sneak smoke stress weed', 'rollin dub', 'feel whoopti woop nigga', 'rollin dub', 'feel whoopti woop nigga', 'hoe showin love', 'feel whoopti woop nigga', 'hoe showin love', 'feel whoopti woop nigga', 'skkkrrrt wa mission', 'mission money sun till sunni', 'know famili love', 'ridin car two nigga pistol', 'thi not funni money hold', 'slowli pull donut stand alreadi know plan', 'hop get man take got', 'Go pocket wallet sock dig knot', 'stick phone ring mama', 'middl drama not pick', 'think gotta get shit gotta pick bitch', 'let us hurri leav feel polic near us', 'left thousand dollar cash', 'wa nigga know went half', 'shit get real nigga get greedi', 'pop pop pop pow leav']
2	yg	2015 Flow by YG	['thi silicon valley flow', 'got sun danc vision nigga not know', 'got damn got album year still', 'plaqu imagin wack rapper feel', 'killin nigga year', 'bill white folk name got someth common', 'bill got em rich hous rich hill', 'homi got tommi know someth feel', 'look though realli hook though', 'fam straight homi got money book though', 'late bitch trippin', 'like bitch studio let cook though', 'RJ killin shit homi killin shit', 'tryna convinc em drug dealin shit', 'cannot blame em caus mama not give shit', 'front work told em nigga get rich', 'get rich get rich get rich', 'mama final get hustl hard get rich', 'late solo shit', 'cortez long sock cholo shit', 'bitch keep trippin ama let bygon bygon', 'walk hous high nine like Hi mom', 'right back nigga shit', 'like fuckin suckin shit let us flip thi bitch', 'let us flip pound send town bust', 'no respect hoe wa not fuckin fuckin', 'bust bust bust', 'profit bust', 'send plan ama figur execut', 'manag like hold YG like not waitin', 'flow', 'kill not gettin dough', 'hold keep win keep win keep win', 'gotta speak exist nigga keep win', 'said dre made billion', 'like shit', 'fuckin hi name babi mama', 'pussi loos wall broke not got no ceil', 'wa like YG not go', 'said bitch think silkk shocker got no limit', 'fuck nigga not livin talkin bout', 'even million dollar still spark', 'fuck nigga fuck nigga fuck nigga', 'wa not shootin gym fuck nigga', 'ruff rydin dog', 'nigga fuck bitch paw', 'nigga', 'front porch sellin sack nigga']
3	yg	459 by YG (Ft. Natasha Mosley)	['not no tellin go rollin west side', 'homi rollin sun rise', 'not want fuck get', 'get no sleep bompton life', 'not want get got nigga', 'get livin dealin bompton life', 'wa plottin batman robin', 'pop wa jail wa poppin', 'wa homi wa bitch', 'wa thinkin love wa thinkin rich', 'everyth got took flatscreen notebook', 'even paint wa artist make', 'use chopper jewelri box loafer made prada', 'pawn shop like got need', 'grind shine greedi', 'not know wa anoth robberi', 'Uh club fat head', 'neighbor saw us got ghost like pac man', 'cop comin runnin', 'thuggin bird come duckin', 'hopin not shoot', 'onli get onc chanc make top takin shot like hoop', 'hit wall hit corner yard roof top', 'like fuck finna get caught hurri toss ooh wa', 'freedom chang situat', 'fuck polic handcuff irritatin', 'wonder mom gon say', 'lock send mile away take day day', 'make express share relat', 'catchin case catchin fade', 'wa counti makin play', 'wa countri duckin fade', 'got stripe took live learn lesson', 'let jail wa two steppin', 'alright okay', 'roll thi way', 'east side west side bompton gang', 'still function not care', 'gotta respect struggl', 'understand hustl', 'noth G thang babi', 'noth G thang babi', '']
4	yg	666 by YG (Ft. YoungBoy Never Broke Again)	['Uh', 'star roof sittin wraith', 'got bar man thi shit kinda crazi', 'wildin young nigga late', 'fuckin pretti bitch man thi shit kinda crazi', 'bless brazi lifestyl much ladi', 'player shit hoop nigga not make', 'not reason pullin latest', 'westsid nigga ho not need no favor', 'ayi damn thi beat got bass', 'everyth bad right face', 'fo block', 'gun waist like tryna catch case', 'move bitch nigga need littl space', 'stank look face much drug drank', 'bein haunt bout past someon help get away damn', 'think buy drug drank', 'move bitch nigga need littl space uh huh', 'not tell ama okay ecaus thi shit not okay uh uh', 'give fuck bout think bitch fuck think fuck bitch', 'not come judgin ecaus much drug drank', 'not mood bitch not come insid gate', 'trepassin bastard shoot face', 'run past bad whole life feel like maze', 'drinkin life away cannot stop go crazi', 'drunk drivin G wagon tell not safe', 'drunk drivin G wagon', 'get squar ass face', 'homi got wraith wraith', 'Po Po brought name name', 'know gang thi shit rang', 'thi shit fuckin rang bitch', 'not plannin chang bitch', 'go field pain bitch', 'hunnid gang click clack bang bitch', 'haunt demon yeah see em walk walk', 'know got devil thought thought', 'seein devil live room hall hall', 'hope not got devil littl heart thi shit real', 'ayi damn thi beat got bass', 'everyth bad right face', 'fo block', 'gun waist like tryna catch case', 'move bitch nigga need littl space', 'stank look face much drug drank', 'bein haunt bout past someon help get away damn', 'think buy drug drank', 'move bitch nigga need littl space', 'not tell ama okay ecaus thi shit not okay', 'give fuck bout think bitch fuck think', 'not come judgin ecaus much drug drank', 'pull', 'pull hundr pocket bitch skrrt', 'fresh slammer lil nigga cocki shit', 'play like jit get hit', 'not stoppin shit grrah rrah', 'tell pull', 'make train ride lobbi bitch lobbi', 'move bitch get shot face bitch', 'nigga round hate tryna figur made damn', 'cannot make hous not buzz gate beep', 'secur bout gang bitch gotta play safe', 'plenti rack safe shit rack', 'check get mate bitch', 'five blood blatt strictli L shit', 'quick shooter shit without dope young nigga rich', 'challeng risk', 'bust dome bitch boo bow', 'ayi damn thi beat got bass', 'everyth bad right face', 'fo block', 'gun waist like tryna catch case', 'move bitch nigga need littl space', 'stank look face much drug drank', 'bein haunt bout past someon help get away damn', 'think buy drug drank', 'move bitch nigga need littl space', 'not tell ama okay ecaus thi shit not okay', 'give fuck bout think bitch fuck think', 'not come judgin ecaus much drug drank', 'lord help lord kid lord play gun drug remind wa young see not play shit wa crack babi No lord not no hypocrit old motherfuck tryna save shit lord ask son whi thug hang look said pop stay danger help lord tri tell mani way stay danger power danger knowledg danger dollar danger look lord said pop talk danger']
5	nipsey hussle	10 Toes by Nipsey Hussle	['toe chuck ts', 'come', 'still get money bitch', 'love nigga scream fuck', 'beauti disgust', 'figur nigga wa not', 'nigga', 'shit hit fan see nigga', 'heard miseri love compani', 'no lie get lone top', 'chanc drop not tri', 'not judg know whi', 'not shoot fli', 'road rich', 'whole grip nigga wreck car not rise fuck', 'call hoe roll thi weed', 'turn light pour thi drink', 'last shit sold bout reup', 'tat neck face chest sleev', 'car world like foreign featur', 'get show featur', 'hood beach', 'game bleacher', 'see lane shit speak', 'stand motiv peopl', 'ocean blue rang nico', 'drink champagn probabl clicquot', 'bossa nova probabl eat bro', 'got coupl zone gon probabl need', 'gon probabl need', 'first let us eat bro', 'order steak rice anoth earli morn anoth late night', 'day week ever get sleep', 'life oh get money', 'take flight go full throttl no brake light', 'make bad bitch wanna play nice', 'broke nigga wanna hate life', 'Yo bad']
6	nipsey hussle	1 of 1 by Nipsey Hussle (Ft. BH)	['', 'came get money got', 'hate nigga stop', 'throw pussi never caught', 'ask whi not got much mileag ooh', 'look ooh', 'show thi shit done ooh', 'chain look like weigh ton ooh', 'bitch look becom', '', 'make grip walk insid thi shit take pick', 'take shit fake nigga drop shit run shit', 'shit shit', 'shit owner shit mo shit', 'pay rent pay team', 'make rich make rich not shit', 'watch thi look', 'cash money fame', 'realest nigga thi fuck game', 'came corner grind', 'make cracker nigga respect mind', 'run shit shit', 'shit shit owner shit', 'rang rover shit', 'came slice bread loaf shit', 'get nigga feet sofa shit', '', 'talk shit caus live nigga', 'not know caus nigga', 'get smart get richer nigga', 'start hate chip nigga', 'specif west side neighborhood', 'crenshaw district slauson ave crip', 'anybodi kill not give fuck bitch nigga yeah', 'quot rap like scriptur say shop like hipster', 'drive car like rich nigga', 'probabl pull ho', 'Oh six two os fasho get dough', 'pull show bank roll', 'make mill lay low', 'bust whip chang cloth money power hoe', '', 'pint grand rack', 'bring money want want nigga', 'Im man not understand come get ittt', 'pack loud like like fuck band', 'big chopper like taliban', 'rack break rubberband count', 'love hater biggest fan love nigga', 'Im field stand', 'let em watch make play', 'touchdown face someth hate', 'block yeah get thi money', 'OG roll swisher', 'thi pour sprite', 'littl bitch know bad got ass wanna fuck', '']
7	nipsey hussle	4 In The Mornin by Nipsey Hussle	['morn shit', 'thi red bull', 'got head full', 'nigga stress let us get thi bed full', 'sexual heal appeal', 'bad bitch real nigga', 'tell love', 'tell', 'fuck shame', 'runnin game', 'want pleasur', 'want pain', 'want want', 'let us take flight let us live thi life', 'let us get hotel let us spend night', 'busi nigga busi girl', 'fast life liven thi busi world', 'fast car not no fast broad', 'got yo heart broke yo ass wrong', 'plu yo dad gone let yo daddi', 'wanna see happi come broken famili', 'tell truth amma tell', 'gon smoke thi weed til kick us room', 'like fuck life', 'fuckin tonight fuckin right', 'fuckin right', 'not goon lie know fli', 'nah fuck girl sky', 'ocean cloud bird bee', 'friend proud know fuckin', 'got poppin take shoppin', 'around world start slauson', 'real shit real shit', 'know real bitch feel thi', 'morn tell want', 'bend got moan', 'love thi shit want thi shit', 'got thi shit no polit', 'smoke someth', 'like pour drink', 'get got mine', 'thi real shit', 'sittin top floor fli ass hotel drunk fuck bad bitch', 'make appreci life', 'nigga work hard know', 'day week thi shit', '', 'gone shit play thi', 'not trippin shit not no rule thi', 'fuck em though', 'hussl']
8	nipsey hussle	50 Niggaz by Nipsey Hussle	['young nigga sellin crack livin', 'tryin buy benz flat televis', 'singl incom tire feelin', 'momma man gotta show meant', 'cold ass world gotta show em get', 'watch good lil boy turn cold nigga', 'readi die show em wit', 'put hi mind gotta get live', 'one shot got life zimmerman got acquit', 'talkin bout carjackin talkin bout killin', 'wonder whi never faith system', 'look young nigga like wast exist', 'make look tri twist', 'becom world champ enlist us', 'get rich rap search us pistol', 'like not no respect til burn build', 'could accept murder children', 'would accept murder children', 'would accept murder children', 'would accept murder children', 'young nigga sellin crack livin', 'tryin buy benz flat televis', 'singl incom tire feelin', 'momma man gotta show meant', 'cold ass world gotta show em get', 'watch good lil boy turn cold nigga', 'readi die show em wit', 'put hi mind gotta get live', 'petey whack got life zimmerman got acquit', 'talkin bout gun case talkin bout killin']
9	nipsey hussle	6 Inch Heels by Nipsey Hussle (Ft. June Summers)	['No punch', 'bounc back everi loss like real nigga', 'handl busi like man ill make deal', 'loyalti loyalti keep real', 'go war Im gonna kill', 'marri street ask whi Im still', 'ask thi obviou Im field nigga', 'around corner dozen nigga still trip', 'theyll still kill still slip', 'look put curtain rear wind shield', 'bitch bad wrist chill', 'bitch bad man bitch got skill', 'rock inch heel', 'excedrin thi sick ass world', 'probabl make stray bitch toe curl', 'use rich nigga retail', 'money onli fetish rich ass self', 'hussl know yall hate wish yall well', 'Im eat steak crack crip leg shell', 'Im get cake let champagn spill', 'either particip bitch ass fail nigga', 'Im look world rose color glass', 'could chase thi dream no catch', 'toe Im chea look back got', 'caus even slept gutter stare sky', 'young nigga fuck bitch get dope money', 'gold chain rope money', 'wa everi man wa broke bumi', 'make happen nigga act like owe someth', 'nigga wanna let know someth', 'clock tick gotta get devot someth', 'transit legitim flow', 'given folk come', 'look knew nigga wa killer hoe love', 'wa get money till killer told', 'whole citi busi wa known', 'string bank robberi wa beast whole summer', 'aint no hall fame dont love', 'aint no arena hang jersey old number', 'gotta get get make', 'beat odd grow look', 'let get straight nigga fake', 'noth though get cake', 'morn earli night late', 'dollar sign licens plate', 'yall nigga struggl life great', 'freestyl life write fate', 'play win caus life game', 'put thi music life chang', 'told show', 'cold lone road gotta go self', 'medit caus knew know', 'said benz owe', 'worldwid recognit flow known', 'state pay show face', 'bottl bottl empti case', 'hip hop empti safe']
10	nipsey hussle	7 Days A Week by Nipsey Hussle	['yea', 'nigga rimpau', 'wa way studio', 'cuz ummm wiz curren mixtap tape deck', 'Cd changer heard thi beat like fuck', 'yahp', 'Ya know onli thought right th leak', 'shit hear go', 'day week differ freak', 'got tire fuck hoe smoke count chees', 'watch godfath leather couch flat screen', 'say Im thi marathon ask doe mean', 'not no puff pass pleas roll', 'girl get marlon brando stop tryin pick brain', 'Yo boyfriend lame whi not use thi game', 'look ill first class plane', 'ixnay land gear caus dont need no runway', 'final destin cloud oneway', 'fuck street not no stranger thi gun play', 'eat beat dont ever take lunch break', 'back back swisha sweet never grown no sober shit', 'post traumat stress feel like Im cope', 'smoke best imposs not notic thi', 'thousand feet cross atlant ocean pack swisha roll', 'time not even yet', 'Im tryin live life got no regret', 'key success multipli approach', 'got roll dice first time go legit', 'seiz opportun believ take control', 'get marathon grind till', 'napa valley dolc cup runneth', 'trunk roof eh know rollin', 'hussl', 'know place go', '', 'not gotta worri', 'not gotta rush caus not no hurri', 'cant afraid let go', 'gotta let go', 'not gotta worri caus thi gon take time', 'not no hurri']
11	nipsey hussle	Actions Is Everything by Nipsey Hussle	['aint got patienc talk nigga caus slow', 'fuck around bark nigga', 'nigga wont respect til empti clip', 'caus action everyth word mean shit', 'aint got patienc talk nigga caus slow', 'fuck around bark nigga', 'nigga wont respect til empti clip', 'caus action everyth word mean shit', 'whi whi whi Im still hood', 'burner lap get understood', 'multi million dollar deal sittin tabl', 'dope block post forti glock navel', 'get pictur nigga take life away', 'plu pimp nigga take wife away', 'babi havin babi kid killin yeah life today', 'better get pistol fuck pray brighter day', 'creas jean gold chain white tee', 'shine whi dirti motherfuck dont like', 'promis tri right thing like spike lee', 'despit effort nigga still got extra', 'ima get crackin bust let yall', 'Im comin hood killin nigga habit', 'everybodi everybodi done', 'everybodi tell want blah', 'aint got patienc talk nigga caus slow', 'fuck around bark nigga', 'nigga wont respect til empti clip', 'caus action everyth word mean shit', 'aint got patienc talk nigga caus slow', 'fuck around bark nigga', 'nigga wont respect til empti clip', 'caus action everyth word mean shit']
12	nipsey hussle	A Hunnit A Show by Nipsey Hussle (Ft. Rick Ross)	['need hundr show fli jet', 'fuck girl alway readi sex', 'keep eye thi game let money invest', 'nigga amma die fuck respect', 'fuck young nigga two twelv trunk nigga', 'havin everyth want nigga', 'life rush nigga probabl never get enough nigga', 'wanna stunt nigga', 'nigga alway look whole spot go', 'new money get stuck', 'life wa rough', 'skinni nigga wa buff tri like puff', 'like russ real life said wassup', 'need benz nigga fuck buick', 'made plan stuck', 'man bluff us small talk su us', 'money must us', 'came corner til affluent', 'gotta bring gut', 'tri get point gotta bring truck us', 'em blog never shook nigga', 'hundr rack book nigga', 'greatest ever like brooklyn nigga', 'thi ice hard overlook nigga', 'fell love fast money', 'rack back end', 'walk caus four brick', 'maybach back', 'lax nip roll pound', 'pool outsid polo loung', 'mob bitch hold', 'pinki ring gold rolex crown', 'testifi never go rout', 'black bottl moet', 'first mil kodak smile', 'tell plug bring back', 'fake jewel never toler', 'pray boobe case exhoner', 'everi night thank god made', 'everi night thank god made', 'bitch bad like paula patton', 'big ass mansion rappin', 'tell polic call captain', 'motherfuck amma start clappin']
13	nipsey hussle	A Hunnit A Show Feat. Rick Ross by Nipsey Hussle	['need hundr show fli jet', 'fuck girl alway readi sex', 'keep eye thi game let money invest', 'nigga die fuck respect', 'fuck young nigga two twelv trunk nigga', 'havin everyth want nigga', 'life rush nigga probabl never get enough nigga', 'wanna stunt nigga', 'nigga alway look whole spot go', 'new money get stuck', 'life wa rough', 'skinni nigga wa buff tri like puff', 'like russ real life said wassup', 'need benz nigga fuck buick', 'made plan stuck', 'man bluff us small talk su us', 'money must us', 'came corner til affluenc', 'gotta bring gut', 'tri get point gotta bring truck us', 'em blog never shook nigga', 'hundr rack book nigga', 'greatest ever like brooklyn nigga', 'thi ice hard overlook nigga', 'fell love fast money', 'rack back end', 'walk caus four brick', 'maybach back', 'lax nip roll pound', 'pool outsid polo loung', 'mob bitch hold', 'pinki ring go rolex crown', 'testifi never go rout', 'black bottl moet', 'first mil kodak smile', 'tell plug bring back', 'fake jewel never toler', 'pray boobe case exhoner', 'everi night thank god made', 'everi night thank god made', 'bitch bad like paula patton', 'big ass mansion rappin', 'tell polic call captain', 'motherfuck start clappin']
14	nipsey hussle	Ain't Hard Enough by Nipsey Hussle (Ft. Mozzy)	['duke', 'nigga not hard enough', 'knuckl not scar enough', 'not foreign car enough yeah', 'nigga not hard enough', 'knuckl not scar enough', 'gang not larg enough', 'came far fuck', 'cuban harley truck', 'buck arlington', 'pleas not start us', 'sound gunshot charg', 'come onc week like garbag truck', 'thi thousand dollar chain carbon clutch', 'quarter million dollar car driver caus', 'everyth done boss', 'disrespect arrog gon stop us', 'rich nigga block not block us', 'rap dream disappear pop', 'see nigga thi life get lock', 'lost insid system pull white man stock', 'onli differ pick hip hop', 'thi whi still cannot stop us', 'nigga not hard enough', 'nigga not hard enough', 'nigga not hard us', 'youngn actin finna charg', 'gotta drop someth part us', 'tore target', 'wa kid tear parti', 'yeah sucker know far', 'smoker know far come', 'nigga not known park noth', 'theyar not follow nigga car noth', 'chargin', 'not pluck shooter', 'run marathon around goofi ass', 'pull necklac reckless real shooter gang', 'fore buy nooki K ya gotta let shoot K', 'told mama noth ask today', 'modifi G lock convert fulli thang', 'give twin band way hi thing', 'shoestr around stupid thang', 'give twin band way hi thing', 'shoestr around stupid thang', 'nigga not hard enough']
15	nipsey hussle	All Birds freestyle by Nipsey Hussle (Ft. YG)	['walk real nigga', 'self made millionair', 'could ask huh', 'blue chuck gold spike', 'black benz chrome pipe', 'run shit right', 'press line got stripe', 'luggag long flight', 'see public bet arm bright', 'million dollar meet caus song tight', 'said gonna take nigga right', 'fake till make ball right', 'stack till paper lebron height', 'russian cut diamond cost car twice', 'wrong type', 'benz fog light', 'press ga snap neck like short bite', 'nigga live fraud life', 'bitch fraud wife', 'meet real nigga play card right', 'caus meet real bitch broad right', 'bet amma leav mark like dog bite', 'sellin hot like white', 'No cloth closet bird', 'No sneaker sneaker box bird', 'No luggag trunk man bird', 'not go back amma ball first', 'put dirt word', 'team straight perv', 'hoe dirti nigga germ', 'listen nip learn like spittin verb', 'bad lil bitch curv', 'homi like corner turn', 'man big bodi nigga swerv', 'bitch befor come hous call first', 'nigga homework', 'gotta take care home first', 'ho nigga take ho bath', 'got strap real nigga hold', 'rachet let get ratchet though', 'never trick bitch not magic show', 'never trust never lust', 'not first night never fuck', 'x', 'No cloth closet bird', 'No sneaker sneaker box bird', 'No luggag trunk man bird', 'not go back amma ball first']
16	nipsey hussle	All For The Dough by Nipsey Hussle	['look let put money cant make mine stop', 'Im hot nigga like pistol dime block', 'befor chang lane check blind spot', 'caus ill right waitin like bike cop', 'nine cock Im hot', 'nigga realli need one shot', 'dome gone no', 'could kill em goin fast slow flow', 'man Im six front', 'motherfucka prolli smoke six blunt', 'two os back got six front', 'add four plu whatchu got', 'perfect ten ima curs', 'thinkin slauson boy wa not men', 'ima knock men ring third round', 'treat like superbowl thi fourth', 'howev want got low', 'come get got got good nigga go', 'hustl rob dough', 'dough', 'howev want got low', 'come get got got good nigga go', 'hustl rob dough', 'dough', 'dough cloth', 'bitch hoe', 'paper cash nigga use livin fast', 'navig dash big burner stash', 'two twelv trunk nigga dont know half', 'look aint nobodi hold hand thi shit', 'wa gave game ran thi shit', 'road rich dont stand no bitch', 'caught free ridin', 'aint mob moe', 'money everyth G', 'got credit still C', 'keep cash deliv dealin', 'wonder young nigga crook', 'ceo label no ged', 'see flow peopl street', 'seen starv', 'finna watch eat', 'look fifth vodka v ima sick nigga', 'Im dead hood livin like rich nigga', 'bitch switch ima stay shitti', 'win lose draw cant take pain', 'said play game gotta make name histori', 'put book nigga brought flame', 'caus go nobodi know come thi', 'let make toast thi lavish shit', 'pop moe pop vuev baddest bitch', 'fast lane young nigga havin shit', 'go sleep late get grind', 'wake mornin money mind', 'caus ima hustl']
17	nipsey hussle	All Get Right by Nipsey Hussle (Ft. J. Stone)	['smokin backwood', 'marathon OG', '', 'hussl', 'yeah feel brand new like start thi shit', 'like begin', 'know wait', 'foundat solid let us take flight', 'turn light turn mic', 'roll flight let us get right', 'shit wait whole fuck life', 'shit wait whole fuck life', 'got good still hood', 'kept word yea nigga make good', 'figur nigga v', 'No tint nigga see well', 'cuban link k', 'presidenti wear everi day', 'symbol enterpris', 'came lint dicki pocket emphas', 'check file nigga say kept solid', 'fuck rumor money talk made less deposit', 'drop video go check comment', 'love around world nigga problem', 'liquor franc car frankfurt', 'told keep advanc', 'distribut market label', '', 'word offic want', 'right fuck', 'question request paid fuck due', 'coupl dream come true', 'porsch lot ask come coup', 'walk club hundr goon', 'magnum bottl veuv pungent fume', 'model bitch stunt fuck shoe', 'bring homegirl caus come', 'fast car leather seat', 'drop top fuck freak', 'blow ride pch', 'nip hussl great', 'middl finger face', 'infant stone came home', 'flow sick disinfect microphon', 'told wa never gon', 'chang still thi marathon', 'heavi hitter like barri bond', 'lightweight setback heavi arm', 'jump stage jewelri froze', 'fresh spend money kill movi role', 'money like brink truck', 'no money like prenup', 'need get green', 'caus team', 'light flihgt lace nike', 'victori lap tonight night', 'thi shit wait whole fuck life', 'thi shit wait whole fuck life stone', 'like', 'VL', 'fuck middl man', 'proud pay ihussl com', 'victori lap come soon nigga', 'hussl']
18	nipsey hussle	All Money In by Nipsey Hussle (Ft. June Summers)	['hussl nigga', 'slauson ave', 'money no money', 'No need hate Im suppos fli', 'suppos see name light', 'money no money life', 'sinc youd rather hate show love', 'start block rose top', 'took dollar stash froze watch', 'nigga got nerv mad caus Im poppin', 'knowin damn well Im crenshaw slauson', 'want holler want problem', 'dont caus fraud Im truth like iver', 'son nigga like father', 'Im walkin bank made deposit', 'second thi week hundr thousand', 'dollar Im definit baller', 'young fresh nigga no high school diploma no colleg', 'still futur lookin brighter light impala', 'ima dog bitch dont kiss dont call', 'ima kick tonight Im not gonna miss tomorrow', 'momma tell look got problem', 'plu Im marri game Im dollar', 'know think prolli think thi shit easi', 'hear talkin hear talkin greasi', 'fuck say caus thi rap shit feed', 'still sixti wall blue graffiti', 'never fall never fail', 'bounc back prevail time two mind', 'Im onli twenti two wa fresh outta jail', 'damn near lost deal nigga still', 'still fear no man sincer no scam', 'No old school pictur polic shakin hand', 'alway fought never ran', 'alway bust never jam', 'never told no nigga advanc stanc', 'nigga left chanc plot plan', 'road rich extens cash', 'two thousand jean pop expens tag', 'Im dumpin kush expens ash', 'No need hate Im suppos fli', 'suppos see name light', 'money no money life', 'sinc youd rather hate show love', 'tell wa Gd', 'roll life feet', 'hate see us', 'aint like', 'tell wa Gd', 'B hoe dont believ us', 'caus dude like want us', 'aint like']
19	nipsey hussle	Am I Gonna Make It by Nipsey Hussle	['yeah', 'hey hear breath kind hard', 'fresh push ya know', 'Uh uh yeah uh right', 'right', 'Uh hussl look', 'gon make gon fail', 'not tri gon tell', 'say heaven say hell', 'stuck til get', 'tri faith less fear', 'tri express peer', 'talk bout dream', 'better let seen caus clear', 'look flock not weird', 'nigga groupi borderlin queer', 'fuck natur success hold dear', 'could judg one wa onc one', 'nigga might one day becom somebodi', 'made good hi word transcend come', 'nevertheless still come round show face motiv young one', 'nigga never give credit none', 'question go unansw give god', 'nigga cannot reason gon meet squad', 'normal nowaday life anyth besid', 'cold lone road knew took job', 'progress heart money mind', 'got rimpau CD changer smokin drive', 'nigga uh', 'not realli start not lane', 'overal race', 'one reason whi', 'marathon runner']
20	kendrick lamar	2018 Grammys Performance by Kendrick Lamar (Ft. Dave Chappelle & U2)	['part xxx']
21	kendrick lamar	2DopeBoyz Freestyle by Kendrick Lamar	['hot handl dope hold', 'dopeboyz roll deep everybodi gather', 'seat go cloud', 'come back week weak good', 'riddanc onli strong permit ride', 'test drive kendrick jedi one', 'kind like great antiqu museum buy', 'hater tell em hi enemi not tell em shit', 'booya click booya click click', 'ooh yall done stumbl fortun', 'rebirth hip hop sinc got abort', 'rock like Mt rushmor grab thesauru', 'find synonym nigga gem', 'diamond rough', 'sheriff wanna see cuf like link button', 'book em fuck', 'mind vietnam vet nigga rhyme', 'nigga shine like see sign differ light', 'grind see right real starv artist', 'finna blow like mario game cartridg stand two', 'dave like big puff befor shini suit', 'welcom compton zoo lie lion rosecran avenu', 'tiger central', 'arm soar beat instrument sounwav give', 'find morgu mortic becaus', 'ooh back bullshit shoot top hollow', 'tip full clip', 'analog like pit bull pulpit drool not realli', 'spit mad dog thi bitch foam mouth man mous', 'sip mickey look like mickey trap', 'not diss realli dope line order see vision', 'probabl would go blind', 'chill blond dumb fuck suck bowl ball', 'straw make tell mom', 'littl nigga tri make citi proud use watch doug wear', 'cousin hand', 'grown unemploy sip henni piss throuh cup still get', 'job done dopeboyz said tell listen frost', 'bitten glove caus']
22	kendrick lamar	3 Minutes of Watts by Kendrick Lamar (Ft. Jay Rock)	['boy hood', 'pocket full dub', 'homi outta line', 'clip full slug', 'babi number', 'tryna fuck babi thang', 'shake shake', 'sick watt claim come give', 'babi player Go hit', 'babi thang', 'shake shake shake shake shake shake', 'alreadi know came', 'onc neon light hit top dawg logo', 'see chain hang', 'see wrist hang', 'see homi hang', 'gang bang', 'west coast state left coast state state myspac internet gangster', 'know name babi girl no stranger', 'blue bell jean low cut taper', 'No cannot save ya', 'name captain', 'aston martin', 'awkward park', 'rev engin sound like fart', 'club sit foreign', 'not speak english word sound retard', 'go hard project apart', 'five minut watt get start', 'boy hood', 'pocket full dub', 'homi outta line', 'clip full slug', 'babi number', 'tryna fuck babi thang', 'shake shake', 'sick watt claim come give', 'babi player Go hit', 'babi thang', 'shake shake shake shake shake shake', 'sit back relax amma give walk citi watt citi god', 'bitch shake ass deuc deuc bra', 'nigga rockin flash drinkin liquor hard', 'keep glock pant chopper right car', 'step daili might leav scar', 'gang tight might leav broad like two friend might enjoy menag', 'night life watt california', 'parti not till like six morn', 'thi hennessey straight gotta nigga zone', 'take anoth swig roll', 'not bang better hold mouth', 'not claim noth know not', 'chill grab bitch becaus life short', 'stick script', 'boy hood', 'pocket full dub', 'homi outta line', 'clip full slug', 'babi number', 'tryna fuck babi thang', 'shake shake', 'sick watt claim come give', 'babi player Go hit', 'babi thang', 'shake shake shake shake shake shake']
23	kendrick lamar	6 Foot 7 Foot (Freestyle) by Kendrick Lamar (Ft. ScHoolboy Q)	['said fuckin monster', 'massiv attack haunt ya', 'master rap fuck monitor', 'master went thermometor', 'pop em pop jaw traci veronica', 'holla back promis us', 'No pajama insomnia', 'attack attack like piranha doe', 'hit block like comet blahh', 'know time', 'mark calendar calisthen silenc exercisin trigger strap', 'rock us metallica competit no talent', 'jungl wild enough', 'might stumbl upon pack lion', 'No lyin soldier dyin thi iraq', 'allianc line star bar prison rep', 'scienc applyin pressur stretcher need pay proce', 'livin debt soft giga pet', 'nigga cannot see unless watchin TV ultra huggin silhouett', 'flow got ceil wet', 'spit til feel breath', 'sinkin fuckin chest', 'fuckin fuckin best', 'mean dick dick death', 'mean killin pussi', 'like spike whenev jerri slept', 'yeah dre', 'andr giant climbin', 'whether storm climat', 'whether beat makin rhyme', 'bumpin phylli hyman', 'hand full diamond like jay fan', 'island ray ban', 'glass palmin ass probabl came wit great tan laugh', 'motherfuckin mecca hub citi spectrum', 'dissect like fuck frog rectum', 'whi wreckin irreput worst flow incred', 'probabl call feder slaughter sever', 'etcetera etcetera bentley passin celica', 'tellin us shit hiiipow mouth bitch', 'top dawg vouch bitch', 'nigga bout face armi outfit', 'gener', 'mean hustler crimin', 'penit reachin pinnacl life despair solemnli swear handl mine like taliban die', 'onli differ not never askin allah', 'onli differ spazzin still proud poet', 'put categori', 'not know sadder stori', 'gut glori', 'pain bore not realli live', 'take block crippin', 'piru gun bigger torso pippen', 'bitch befor nigga ruin', 'show someth differ', 'either kissin dick givin distanc', 'live district dimebag dummi know statist', 'boss like assist', 'get lost egg biscuit', 'break fast aimin biscuit', 'pay cash chain come missin', 'Q Q', 'doubl shit fuck', 'get promo poppin', 'setback droppin', 'soon watchin', 'lock load explod', 'target flow somewher blow', 'marriott swisher sweet', 'LA nigga prolli east', 'cheerin ragin beat', 'X henni scrape keif', 'bangin C bangin B', 'put nigga next', 'stop focu get lead', 'let hardest speak', 'Ya dude got ovari period', 'run sentenc still ventin', 'air conditionin coolest breez', 'ill diseas', 'grip peni shoot semen', 'still comin mile runnin', 'wa learnin get knowledg', 'head throbbin goblin', 'mobbin bitch', 'stick miss busi', 'get wit pussi frenchin', 'ye mission', 'poppin like mission', 'proposit gettin money', 'drop nigga rush nigga', 'stomp nigga crush nigga', 'dust nigga copperhead gon thrust nigga', 'heatin winnnin nigga', 'someth rememb nigga', 'hella sick got spit', 'curs vers like god told kill shit', 'load clip heckler koch', 'hoover king', 'bada bing ding ling', 'natur hoover', 'fing ring vision clearin visin', 'asian beij', 'money make cum C R E', 'feed weak wing stop', 'start rain drop', 'autobot', 'space shuttl shittin car lot', 'boy style', 'could least got saturn huh', 'hiiipow see patent huh', 'workin track like never free', 'squezz nigga shootin Cs', 'pleas thought nigga shot', 'rhyme', 'bada bing bing bing bing bing', 'want hiiipow', 'pleas come friend zone', 'not wowwi', 'not suck dick tonight']
24	kendrick lamar	A1 Everything by Kendrick Lamar	['see type guy', 'crush hoe true', 'rock cloth true', 'drive whip true', 'still pour sauc shit', 'come bottom', 'crush hoe rock thi ice', 'sell Os nigga done twice', 'ride round roll get bike', 'touchdown hood put life', 'like yeah nigga nigga ball hard year nigga', 'diamond clear smack chain dead nigga', 'not know heard not know thought', 'dog murk dog go hard fuck', 'new young chick look exactli like rihanna', 'ass like nicki yellow like madonna', 'take mall buy type design', 'ysl fli chanel dolc gabbana', 'jump right back like lean hard turn whip', 'not rap deal still serv brick', 'kill pussi murder shit homicid shorti', 'gold role cost rack rose gold cost', 'get money nigga', 'got swagger get bitch', 'bought rolli skate nigga', 'not love hate well get hate nigga', 'cuz got everyth everyth', 'everyth get everyth', 'got credit hoe', 'drive whip rock cloth', 'pray god wash hand damn', 'rack uncl sam', 'year old millionair', 'not read contract less mill', 'credit park car bowleg', 'got bu full bitch call jerom betti', 'grab dick pictur ho crop imag', 'let scrape dish eat nigga finish', 'come right back hope insomniac', 'sleep wanna take dirt nap', 'bitch talk ca ca ca ca ca ca ca ca', 'hit roof pop top', 'ca ca ca ca til know gotcha', 'ballin like baldin see jordan mirror', 'nigga flawless vv CC text wear', 'puttin insid bitch grip hip power steer', 'hydroplan board plane land insid build']
25	kendrick lamar	Ab-Soul's Outro by Kendrick Lamar (Ft. Ab-Soul)	['life enlighten', 'gon live knee die feet', 'sfire street fire swisher', 'fire two leg littl sister', 'get sip thi elixir befor crop us pictur', 'never seen crop circl seen cop circl block', 'puff squar swear one day ama stop nerv itch', 'brink career peer struggl employ', 'hear scream', 'uncl sam not no kin one two', 'three four gram fifth hennessey', 'bad bitch fuck penitentiari', 'section babi blame ronald reagan rais hell', 'lord forbid homi got wet tri soak', 'presid black cannot vote skin', 'vote better man', 'come show see divers', 'unifi peopl gon peep univers', 'might not chang world', 'gon manipul hope participatin', 'ayo dot not let cat know', 'knew would like back', 'start hiiipow becaus gener need gener', 'system meant disintegr us', 'assist', 'not victor victim', 'bigger pictur not develop yet', 'like keisha wa celib', 'tammi came across real man', 'not play game like children', 'nigga cheat hi girlfriend', 'hi girlfriend girlfriend let world end', 'everybodi trip', 'extraterrestri presenc well', 'odd futur aight futur not', 'martial law shit drop gon get got', 'keep question mark face', 'eat fast food use fluorid toothpast', 'hide feel public', 'work littl nine five not forget pay tith', 'thank god aliv', 'hiiipow', 'anoth note', 'focus like hubbl telescop', 'soul', 'life traffic jam life traffic jam', 'life traffic jam life traffic jam', 'life traffic jam life traffic jam', 'life traffic jam life traffic jam', 'life traffic jam', 'wrote thi becaus wa order', 'peopl say speak gener', 'whi lie section', 'son play radio not', 'daughter turn one twenti one listen kendrick', 'instanc', 'life enlighten', 'gon live knee die feet', 'take student loan pay colleg degre', 'exactli see TV', 'true stori hmm', 'repeat soul', 'life enlighten', 'gon live knee die feet', 'gon plead fifth sound horn', 'time child come', 'see lot not understand kendrick lamar', 'becaus wonder could talk money hoe cloth', 'god histori sentenc', 'know thing common', 'onli half truth tell', 'see spent twenti three year earth search answer', 'til one day realiz come', 'not outsid look', 'not insid look', 'dead fuck center look around', 'ever seen newborn babi kill grown man', 'analog way world make react', 'innoc dead', 'next time talk money hoe cloth', 'god histori sentenc', 'know meant felt', 'ecaus search answer', 'not next pop star not next social awar rapper', 'human mothafuckin dope ass instrument', 'kendrick lamar', 'fuck em terrac', 'soul', 'watch thi fire gather around', 'see burn similar fire insid', 'section', 'section babi', 'gener bliss disobedi', 'know cannot control us', 'know cannot control', 'know cannot control us', 'control', 'build world', 'not leav noth els tonight leav know', 'leav know repres someth bigger us', 'famili', 'heart honor respect', 'thi thi', 'hiiipow']
26	kendrick lamar	A.D.H.D by Kendrick Lamar	['Uh uh fuck fuck', 'eight doobi face fuck', 'twelv bottl case nigga fuck', 'two pill half weight nigga fuck', 'got high toler age not exist', 'man swear nigga trippin shit', 'pick set cold water', 'order someon bring vicodin', 'hope take pain away', 'feelin felt today', 'know part section', 'feel like no one relat', 'ecaus loner loner', 'marijuana endorphin make stronger stronger', 'hous parti trippin', 'gener sippin cough syrup like water', 'never no pancak kitchen', 'man not one live caught', 'daili superstit world bout end', 'give fuck never listen', 'less come melodi hoe', 'playstat drank technolog bought soul', 'lookin around see', 'big crowd product', 'probabl rel relev rebel dream', 'yep presid black black', 'purpl label back tab light blue', 'take straight head', 'look got H', 'eight doobi face fuck', 'twelv bottl case nigga fuck', 'two pill half weight nigga fuck', 'got high toler age not exist', 'like whoa whoa whoa whoa whoa', 'not got limit give', 'whoa whoa whoa', 'not got limit give', 'whoa whoa whoa whoa whoa whoa', 'alway told H', 'start', 'start feelin', 'like no one els thi apart', 'beg pardon Oh rap babi', 'old say say', 'okay crack babi', 'damn whi say said drink', 'ama tell later', 'tell neighbor polic relax', 'stood shut blind close screen jumbotron', 'made back resid', 'said read line', 'yep hope get close enough light turn', 'fact might open', 'nuvo start drown', 'bodi know', 'us realli deep mood', 'noth', 'somebodi walk pound bay area kush', 'look look', 'grab said get understood', 'know whi crack babi', 'becaus born H crazi', 'eight doobi face fuck', 'twelv bottl case nigga fuck', 'two pill half weight nigga fuck', 'got high toler age not exist', 'like whoa whoa whoa whoa whoa', 'not got limit give', 'whoa whoa whoa', 'not got limit give', 'whoa whoa whoa whoa whoa whoa', 'alway told H', 'shine give light', 'doubl cup deuc four six mix sprite', 'ecstasi shroom blow dro hoe whatev like', 'shine give light']
27	snoop dogg	10 Lil' Crips by Snoop Dogg	['ten littl crip nigga runnin outsid', 'turf bangin live', 'far scrub cuzz eastsid', 'not die multipli', 'not give nigga reason', 'turn spray season', 'not give nigga reason', 'becaus turn crip season', 'gangsta back bank fat', 'gangsta mac gangsta llac', 'hmm fool like break chees', 'friend enemi aww nigga pleas', 'fuck thought pump', 'stop stuck much pop drop pluck', 'similar gettin laaaid', 'ya back motherfuckin K spraaay', 'grind shine bid', 'lunat shit get ignit ignit', 'gonna proceed squeez eas', 'one cannot believ leav em', 'look mind nigga crazi', 'seventeen year old still babi', 'gangsta real pop pill', 'cap back young motherfuck like', 'wake morn lookin funni shit', 'fuck honey dip caus got money get', 'not no book not no help not no role thi', 'stay focus young homey code thi', 'keep strap ya pocket trip town', 'million motherfuck tryna get', 'lot pain thi game cocain thang', 'ya money right might get chain', 'ya money low onli one way go', 'jack rapper local rap radio show', 'mean green crip back block', 'brag homi show em got', 'gangsta jack gangsta jack gangsta black black', 'thought gangsta rap', 'yeah nigga take snap', 'shoobi doobi hooroobi scoobi snack like', 'like', 'whole lot fillin eastsid', 'eastsid nigga ride', 'whole lot dealin eastsid', 'eastsid nigga ride', 'whole lot stealin eastsid', 'eastsid nigga ride', 'whole lot killin eastsid', 'eastsid yeah nigga ride', 'say crazi not no fun', 'cannot walk street without gun gun']
28	snoop dogg	1800 by Snoop Dogg (Ft. Lil Jon)	['lil jon', 'yeah', 'yhey not readi thi one nephew nah', 'lil jon hey snoop dogg UH huh', 'turn thi shit nigga let us GO', 'blunt fa cert', 'get hoe everybodi turnt', 'blunt fa cert', 'get hoe everybodi turnt', 'well nigga burnt lil mama', 'yeah nigga burnt lil mama', 'shorti burnt lil mama', 'nigga make move lil mama comin', 'blunt fa cert', 'snoop dub pocket full dub', 'nigga dub rollin candi', 'feelin like meh squar bitch cannot stand', 'hey nigga turnt beast bitch', 'west coast east bitch', 'place hoe lose', 'say love music', 'spot jerkin gettin low', 'wanna roll fo', 'threw grand watch come', 'not bitch like hear sound', 'put hand wanna see work', 'blew kiss blew purp', 'geek girl tip', 'nigga amma get', 'blunt fa cert', 'snoop dub higher mug', 'camera goin chicken want hug', 'bill fasho fill club', 'erybodi know nigga star', 'long beach laker see face car', 'pimpin poppin like pill', 'hand made spill', 'parti E snoopi not come', 'smoke zone smoke drum', 'burnt club hand thigh', 'eastsid nigga put hi hood sky', 'like say like', 'turn ass around drop like fool', 'geek girl tip', 'homi amma get', 'blunt fa cert', 'snoop dub turn shit', 'not buy bub tequila got goin', 'burnt club erybodi known', 'nigga boss', 'millionair statu nigga', 'loc bright babi look', 'like talk get P', 'lil jon parti goin dumb', 'put air listen drum', 'snoop dogg said gettin turnt', 'swisher around gettin burnt', 'look grab waist', 'whisper ear touch face', 'geek girl tip', 'erybodi amma get let us GO', 'OA kayyy']
29	snoop dogg	1st We Blaze It Up by Snoop Dogg	['listen radio late', 'lot caper make rap love song', 'got one wanna nigga huh huh yeah', 'nigga joseph track', 'gonna start mine like bitch dig thi', 'one move two look three littl breez', 'line fine tri hit breezi', 'not dog dont believ', 'want talk talk Im like fear sissi', 'know', 'drink grab coat roll', 'go palac lay head', 'said ten room hous make bed', 'realli roll player', 'found hi nail take care hi hair', 'enough let us talk', 'prefer cat dog', 'jean skirt music movi', 'tom jerri shaggi scoobi', 'groovi use abus', 'hoochi coochi jacuzzi', 'first blaze', 'stay', 'said cannot get enough', 'one dont act like', 'first blaze', 'stay', 'said cannot get enough', 'one dont act like', 'parti yeah yeah', 'know felt like blow let know wa feel let get back flowin', 'Im goinig littl journey', 'would like come join', 'caus got lot room time consum ya', 'man thi realli ill shit', 'pimp ass nigga like deal', 'babi girl feel thi', 'nigger fake snoop dogg realest', 'like wee', 'get live make want', 'somebodi told long time ago', 'got better flow guess gonna flow', 'proceed speed', 'want', 'name need', 'first blaze', 'stay', 'said cannot get enough', 'one dont act like', 'first blaze', 'stay', 'said cannot get enough', 'one dont act like', 'parti yeah yeah', 'mood marvin gay', 'wanna cruis LA', 'let kiss belli', 'take flick slay', 'know like turn freak avoid', 'momma think wa home boy', 'know Im low', 'hope babi daddi dont tri pull bow', 'wait notic everywher go', 'know Im bullshit girl get peopl', 'got joy laughter', 'everi relationship chapter', 'begin feel raptur', 'easi captur let know', 'st blaze', 'stay', 'said cannot get enough', 'one dont act like', 'first blaze', 'stay', 'said cannot get enough', 'one dont act like', 'parti yeah yeah']
30	snoop dogg	2001 by Snoop Dogg	['wanna make whole crowd bounc', 'wanna make whole crowd bounc', 'instruct thi game instinct mix knowledg', 'player game know not colleg', 'eye open focu scope scene', 'watch gangsta hater close ecaus wors dope fiend', 'hope thing get better', 'co gon make thing get better', 'keep doggystyl hottest thing LB', 'L L G wit dpg sea', 'ride high tide east side', 'let tell long voic record', 'plan got not gonna work better audibl', 'Oh ye fresh til expir exist', 'persist proceed', 'suppli need no room greed', 'better go around come', 'not bite chew', 'respect game game respect back', 'game life life struggl', 'without coastal juggl', 'drop test fragil crystal', 'get mad go pull pistol', 'man pick piec', 'put back togeth remain tougher leather', 'tryin keep real dogg', 'wanna make whole crowd bounc', 'keep real dogg', 'wanna make whole crowd bounc', 'keep real dogg', 'wanna make whole crowd bounc', 'keep real dogg', 'wanna make whole crowd bounc', 'lee hold em shake em roll', 'fli G boy hoodrat girl', 'pound put around world', 'best pick litter LB young nigga', 'eat soul dog bowl bark get dark', 'bitch heat tear beat', 'microphon buri bone', 'alway stray tri follow home', 'uhh get pooper scooper whi droppin doo doo', 'steppin shit lift bottom shoe', 'see smashin full bread wit no leash', 'mob make mark across street', 'see viciou like hell got em waggin tail', 'bow wow lbc style', 'hit like dogg bopper fever fetch paper', 'receiv go get like retriev', 'want em close enough lock em', 'wit mizzic see let doggz loos em', 'check thi man lick em sick em', 'man best friend hit ten uhh', 'flea cannot seiz pack name', 'major trick hittin lick like doberman gang', 'ydone trip tri fuck ever sinc young puppi', 'run cat tree nigga dpg', 'keep real dogg', 'wanna make whole crowd bounc', 'keep real dogg', 'wanna make whole crowd bounc', 'keep real dogg', 'wanna make whole crowd bounc', 'say onc upon time land locc', 'dope pistol smoke', 'pack heavi calibr revolv', 'weed dpd gcd', 'Oh not know', 'snoop wit knockin atcha door', 'passion smashin mashin mass', 'knockin nigga like cassiu dogg pound gangsta assassin', 'like action', 'co cash zone known blastin', 'bustin no need discuss', 'not discuss stay close inch bust', 'close enough touch rush', 'clean radic get clutch', 'dogg like killer corleon', 'free doubl G solid gold bone', 'keep real dogg', 'wanna make whole crowd bounc', 'keep real dogg', 'wanna make whole crowd bounc', 'keep real dogg', 'wanna make whole crowd bounc']
31	snoop dogg	20 Dollars to My Name by Snoop Dogg (Ft. Fiend, Silkk the Shocker & Soulja Slim)	['damn nigga onli got dollar shit', 'check thi', 'nigga dollar name', 'deep thi dice game', 'dust knee', 'fuck two gs', 'noth left buy shell glock', 'whi rob everi known dope spot', 'hard time grit grind', 'shit tri get mine', 'not noth lose plu live frontlin', 'cold twist way shit goe', 'gotta keep hand motherfuckin fetti yo', 'keep bitch money run', 'get gun', 'shootem til come', 'blow wind', 'feel good friend', 'silkk brought gin juic nigga chip', 'amongst killer dub pocket loc', 'drug dealer time love smoke', 'wa not thi rap game', 'would nigga snoop dogg dollar name', 'dollar name thi game drug', 'onli thing gan banger thug', 'yale not sell shall proceed', 'becaus cannot slang urb', 'caus smoke much weed', 'dollar name thi game drug', 'onli thing gan banger thug', 'yale not sell shall proceed', 'becaus cannot slang urb', 'caus smoke much weed', 'got dollar cent pocket', 'thi automat rocket', 'gotta pop unlock take hostag', 'letem thi itch finger worser jock itch', 'extend glock clip allow cop chip', 'eras cop tip sister pop lip stop thi', 'cold blood kill thi', 'soda could not rock thi', 'chop shelf drop thi', 'cannot chop thi', 'hunger hold', 'set wonder take hi soul', 'see thi hole', 'allow silenc blow', 'took motherfuckin live less twenti befor', 'thi last dollar might buy douja', 'becaus weed magnolia still nigga sober', 'seen nigga nigga way way back', 'use jack rock rental cadillac', 'see nick see grill say flossin', 'see wrist say damn nigga flossin', 'bossin tossin em time', 'think death', 'whi put life danger dollar got', 'weed habit close smoke powder not worth', 'shot', 'dollar name thi game drug', 'onli thing gan banger thug', 'yale not sell shall proceed', 'becaus cannot slang urb', 'caus smoke much weed', 'dollar name thi game drug', 'onli thing gan banger thug', 'yale not sell shall proceed', 'becaus cannot slang urb', 'caus smoke much weed', 'look fresh jail feel good outsid', 'dollar spent ride', 'onli thing got left dollar name', 'nigga want front motherfuckin cain', 'told weed charg game', 'nigga gotta murder one shit', 'slum shit project dumb shit', 'weed blunt shit not give fuck shit', 'shit penitentiari solitari', 'confin never see no motherfuckin sun shit', 'got dollar motherfuckin name gotta get', 'tell nigga hit floor pull motherfuckin kick', 'door whether rap jack kidnap gun tot', 'call get scare not flip til gun smoke', 'hustl eat hard street', 'gotta get hustl', 'got dollar shit not last long pictur thi']
32	snoop dogg	20 Minutes by Snoop Dogg (Ft. Goldie Loc)	['hey yo goldi loc let hear dog puff', 'gotta go hood real', 'yeah thi public servic anounc mathafuckin lbc', 'yeah check thi cuzz uhm', 'hey yo goldi loc', 'let us thi homi hood', 'dub waddup', 'No disrespect hood', 'thi', 'cannot cum', 'No way', 'No way no', 'know bow wow long beach style', 'fullest young niggero', 'steal cap home feel like', 'No not ye', 'bank chin crib', 'thi not no fed', 'live', 'side cowboy', 'brown blast black', 'black blast right back', 'fact citi', 'betta get readi', 'cau kitti come cum', 'nigga get dumb bitchass', 'not trippin cau oldschool', 'never hesit blast', 'see', 'gotta win', 'holla back nigga minut', 'gimm mic watch brake nigga', 'figga', 'busta get shot tryin plot', 'blew dice hit twice hit seven', 'snoop watch trip back eleven', 'mix lick doubl chip', 'bangin much got cheerlead dick', 'back watch stack dirt', 'sting like bee broke bet hurt', 'watch strike match no need no practic', 'fuck around get straight stomp packag', 'dogg keep beat bangin', 'wit homi feel', 'left hangin', 'feel like givin', 'cau young nigga livin', 'snoop not give fuck', 'minut get C walk', 'befor get ride blew zone', 'check thi dog not know shit', 'know respres eastsid long beach crip nigga', 'two Os fo hoe', 'nigga onli fuckin real', 'minut minut', 'holla minut', 'deuc fo hoe cloth', 'nigga onli fuckin real', 'minut minut', 'holla minut', 'ride', 'slide eastsid', 'hoo ride homicid', 'rollin G ride', 'yall busta gondo', 'pimp banger hustlaz smash', 'one money', 'two shizzo', 'lil goldi loc give fuck hizzo', 'three fizzo', 'five sizzix', 'nigga snoop dogg give fuck bi zitch', 'yeah heard mmm', 'authograv ass', 'nigga L L G', 'littl goldi loc', 'goldi lock thang', 'smash hood cau want gangbang', 'chang', 'hell nah nigga', 'quick jack ass make bank roll bigga', 'trip', 'shot em', 'shot em shot em', 'damn big', 'cut em cut em', 'nigga pound', 'hell yeah pound', 'nigga sound', 'dogg pound bounc', 'got homi dub bang everyday', 'got homi hood day', 'keep feet real close street', 'keep hand real close heat', 'not descreet come dogg', 'real like eight ball', 'C no explainin gangbangin crackslangin entertain us', 'sippin silver satin contain', 'askin one yall nigga wanna scrap', 'G style', 'mathafuck strap', 'like tought nigga', 'got caught', 'olbitchass nigga droppin soul', 'see first thang first grown man', 'gotta get get get man', 'see not owe not owe', 'OG', 'respect Gz homi told', 'show real love dub', 'outro', 'minut minut cuzz', 'yeah nigga minut cuzz', 'like said', 'deuc fo hoe show', 'nigga onli fuckin real', 'yeah minut', 'holla nigga like said', 'two fo hoe show', 'nigga onli fuckin real', 'minut minut', 'holla cuzz', 'minut', 'roll roll roll dub', 'eastsid R C', 'goldi loc doggi dogg', 'nigga thi P G']
33	snoop dogg	21 Jumpstreet by Snoop Dogg (Ft. Big Tray Deee)	['smoke fat sack right station play', 'onli platinum hit W ballz', 'dick ear caller wanna say', 'hello hello caller', 'Oh hell', 'thi someth new underground', 'L B see get back', 'dedic east side two one street', 'favorit favorit', 'snoop froggi dogg somebodi new tha dogg pound', 'check right station play onli platinum hit', 'FM dial', 'take caller number janet jackson ticket', 'call P U N', 'P U N bitch', 'Da pound', 'hear ye hear ye come one come', 'first annual G nic dogg', 'invit go light', 'caus first time long time right', 'reminisc fresh fest back', 'dub san dieg use hoo ride', 'motherfuck like wa thing', 'eighti five eighti fo eight three year eighti two eighti two', 'know fuck talk', 'parti lake big homi hous', 'bet nobodi bring motherfuck gun', 'caus everybodi hous two one', 'twenti first street burst street start', 'know east side long beach hardest', 'nigga come realer real mccoy', 'step rap bring nois', 'gang fli bitch homiez switch', 'dice back ya wanna get rich', 'No snitch allow insid crowd', 'caus thi G thang east side L B C brang', 'finna fun repres two one', 'bet nobodi bring mothafuck gun', 'yeah king park wa locat', 'G wa destin', 'lookin nigga come befor', 'L B C east side homi like', 'nobodi see yeah east side perfect', 'nobodi see ha ha worth', 'nobodi see hell yeah east side perfect', 'nobodi see ha ha yeah worth', 'tatataratatatara', 'ya bring strap ya trip', 'mission nigga go dip', 'got meat eat freak meet', 'chronic smoke forev get loc', 'stroll park one day', 'puf fat ass J homi name tray', 'deee tryin see could put thi lbc thing', 'back togeth like wa suppos see', 'caus ya know ya make em get pictur', 'sit ya spit ya', 'game heart came start', 'see wa regul cragar wa dayton', 'nigga let interact black croaker sack', 'gray golf hat tilt back', 'ditchin sunday school get pack later', 'roll steeler killin raider', 'bang saint not no joke', 'come around outta bound goe broke', 'break em hmm hmm shake em yeah', 'second wake em', 'continu give game thi tight ass beat', 'small dedic two one street']
34	snoop dogg	220 by Snoop Dogg (Ft. Goldie Loc)	['get dress jump boat', 'fuck loc', 'breakin bread', 'boat toast folk', 'holiday crip ama fuck loc', 'get dress fresh big chest', 'feelin work yellow steeler shirt', 'staci adam tip', 'pictur room full long beach crip', 'thi thi thi thi bitch', 'wish dead homeboy wa seein thi shit', 'neither none best minut less', 'C walk contest best', 'right set feet skip along beat', 'repres shit bang street', 'real though king hill though', 'run nigga get pop like pill yo', 'see dub motherfuck know', 'let us get come', 'nigga', 'nigga rollin', 'nigga', 'nigga rollin', 'nigga', 'nigga rollin', 'nigga', 'nigga rollin', 'got dirt loc better leav glove alon', 'pop block', 'rumblin carvin concret', 'go back like G man SA doubl G yeah', 'doggi dogg scoop nigga long time ago', 'said gotta thi big know', 'let us slap domino crack bitch cuz', 'catch yellin trick dub', 'thi hood day nigga good day', 'homi hit tell let us parla', 'never outta keep line open', 'meditatin contemplatin way grind em', 'big beefin alway told alway keep crippin tight', 'thi one goe goat cuh crip life', 'never ever switch', 'color black gold homi throw dub', 'nigga', 'nigga rollin', 'nigga', 'nigga rollin', 'nigga', 'nigga rollin', 'nigga', 'nigga rollin', 'shootin like start', 'ama walk thi motherfuck cold heart', 'know nigga not see much would like', 'ecaus gettin money rockin mic', 'long way locu ave loca', 'good bad', 'know look let reminisc twist fuckin blunt spark', 'got put king park', 'shottin hoop charli Mo', 'bumblebe real east side Gs', 'go ball ani black ass', 'wait bitch poli get outta class', 'poppin em distant persist', 'crip shit', 'see dub motherfuck know', 'let us get come', 'nigga', 'nigga rollin', 'nigga', 'nigga rollin', 'nigga', 'nigga rollin', 'nigga', 'nigga rollin', 'cuh', 'happi day nigga', 'yeah cuh', 'shittin nigga know sayin', 'drinkin thi miller genuin draft', 'feelin real good ye know sayin', 'hood day today cuh', 'yeah gon cuh', 'shit nigga', 'shit homi gettin togeth cuh', 'gon fuck homi two time', 'alright dress round min cuh', 'let know locat', 'Ra ra rollin rollin', 'minut cuh', 'nigga', 'nigga rollin', 'nigga', 'nigga rollin', 'nigga', 'nigga rollin', 'nigga', 'nigga rollin', 'nigga', 'nigga rollin', 'nigga', 'nigga rollin']
35	snoop dogg	220 EP Intro by Snoop Dogg	['ayo tim spielberg', 'let us make muthafuckin movi', 'know man', 'thi shit like year', 'one thing game', 'game not chang', 'playa', 'wanna right', 'wanna shoot shoutout', 'famou playa global', 'Ya dig', 'yous famou playa thi', 'ya dig', 'lil someth ride', 'nigga tim spielberg track', 'thi EP', 'favorit rapper rapper', 'bigg snoop dogg', 'know ya gonna dig thi', 'hahaha yeah', 'Oh yeah cannot forget ladi', 'ladi dogg long', 'love babi', 'Oh ya momma love', 'wassup momma', 'mmm mmm see ya get', 'yeah', 'gon right', 'gon slow tad bit', 'get thi EP kick', 'bigg snoop dogg', 'understand', 'understood']
36	snoop dogg	2 Minute Warning by Snoop Dogg	['sometim feel lost like runaway read dire', 'reap stay gettin richard like pryor', 'need put gun away caus got prior', 'hard stay rollin world full rider', 'bullet tip fire flyin sunset', 'motiv win like not yet', 'think shit hell naw not done yet', 'L B see prayin G fall', 'tonight goin like free fall', 'chevi bouncin like fuckin see saw', 'trippin hate no hee haw', 'black loc loc actin like not see', 'shit demean dogg', 'bring like mean dogg', 'go back forth like ping pong', 'knowin ring ya bell ding dong', 'one thing thi shit partner', 'everi move watch rich boxer', 'whi lose rich sponsor', 'gone suddenli hip hoppin', 'sheeit sip gin wind', 'pop beam like', 'strong yet nigga thin', 'rapper stay sayin slim shadi not talkin eminem', 'fuck', 'wa gangbangin befo nigga enter', 'No facad went yard', 'three car garag instant menag', 'vintag relentless mean thi promis', 'No suge No dre woulda thi regardless', 'suppos think', 'flinch like suppos blink', 'motherfuck thi crip still hard swallow like big pill', 'pushin still big deal', 'ponytail still swangin hair still braid', 'laker clipper not fade', 'nigga buzz shit', 'backflip back plaqu shit', 'blue red white black shit green', 'send whole motherfuckin team clap shit', 'react mack shit problem terrorist', 'fuck thi rap shit', 'shot fire', 'suspect', 'request emt immedi']
37	2pac	. by 2Pac	['']
38	2pac	16 on Death Row by 2Pac	['death row', 'mothafucka endin', 'dear mama caught thi sick', 'rob adversari slip left wit', 'wonder catch thi nigga snitch', 'shoot hi bitch make nigga rich', 'not wanna commit murder damn got trap', 'hawkin walkin talkin behind back', 'kind schizophren thi shit win', 'caus life wheel fortun chanc spin', 'got no time cop trip tri catch', 'fuckin trigger happi let sucker snatch', 'nigga gettin jealou tryin find stash', 'whip imma dime yo ass', 'peter pick pepper pick punk', 'snatch like bitch threw trunk', 'punk thought wa bluffin swear noth nice', 'befor take life first wrestl mite', 'listen hi scream went insan', 'guess littl mite final found hi brain', 'new rover pull sentenc pen', 'rememb littl bird snitch told friend', 'troubl mind old timer', 'fuck five blaow blaow turn em forti niner', 'bye bye wa never meant live', 'cannot posit ghetto live', 'bye bye wa never meant', 'livin like thief runnin street', 'bye bye got no place go', 'find death row', 'dear mama cop not understand', 'turn life crime caus came broken famili', 'uncl use touch never told', 'scare might could not hold back', 'kept deep insid done let fuel anger', 'homi no merci stranger', 'brother cell well', 'hard adapt black', 'trap live hell', 'not let catch', 'instead livin sad jail coulda die free happi', 'cellmat rape norm', 'pass around dorm', 'hear hi asshol gettin torn', 'made anim', 'cannot sleep instead countin sheep nigga countin cannib', 'pen', 'turn old cold soul best friend', 'mama pray', 'tell lord make way prepar ani day', 'whi caus come find struggler', 'death take breath jugular', 'trick never lose hope', 'found buddi hangin dead rope death row', 'bye bye wa never meant live', 'cannot posit ghetto live', 'bye bye wa never meant', 'livin like thief runnin street', 'bye bye got no place go', 'find death row', 'dear mama sentenc death', 'today final day countin everi breath', 'bitter caus dyin much not seen', 'know never dream babi would dead', 'got beef sick societi', 'doe not give shit quick say goodby', 'tell preacher', 'crook book mothafucka never care', 'onli sure not drop dime god', 'crime committin poor', 'peopl judg', 'not peer year not never love', 'never got man', 'must part big plan keep nigga state pen', 'homi buryin mothafucka', 'steer clear aryan mothafucka', 'caus onc got lock', 'got trap better gettin shot', 'convinc self defens way', 'pleas stay strap pack gat everi day', 'wish woulda known wa', 'straight headin chair', 'bye bye wa never meant live', 'cannot posit ghetto live', 'bye bye wa never meant', 'livin like thief runnin street', 'bye bye got no place go', 'find death row', 'death row death row', 'death row death row', 'death row death row death row', 'partner', 'penitentiari death row']
39	2pac	187 On A Hook (Remix) by 2Pac (Ft. C-Bo & Tech N9ne)	['X', 'west side motherfuck hook', 'nigga bound shook', 'bangin book', 'got shot neck tryin get away', 'vigi not noth gun play', 'heey', 'got static nigga side town', 'let littl cousin K roll rider', 'want us motherfuckin thug nigga', 'use love nigga plug nigga', 'slug nigga wrong', 'nigga makin song tryin get us', 'must gone stress weed west trust', 'chest bust ride til sun come', 'shinin back brighten sky mani die', 'heard fuge wa tryin look bitch', 'cut face thi not no motherfuckin movi', 'watch two die slow', 'castrat entertainin motherfuckin sideshow', 'bam set plan mo time extermin foe', 'cannot stand hoe uhh', 'label thi fuckin trick shot', 'lyric runnin coward hip hop', 'ride enemi', 'nigga catch thi nigga readi peel one', 'instead shoulder gotta distort nigga grill', 'vigilant villain regim nigga come steel gun', 'get readi sleep ecaus trip fuck villain', 'one motherfuck said fuck tech N ne', 'shadi pacino turn C ho clutch N ne', 'nigga C Bo yuk mezzol not onli bust rhyme', 'illeg evill give fuck next time', 'nigga not ever spit name', 'think shit', 'two thou switch game spit flame wah', 'allah hu akbar say befor buck', 'motherfuck buster like vell bakardi yeah nigga enough yall', 'get readi suffer kneel', 'nigga tech N ne killer klown', 'nigga six feet underground found', 'nigga water would never song wit knew song', 'wa never make million', 'next time say name say name like destini children bitch', 'X', 'come take journey mind eye', 'cross game not explain', 'nigga time die say goodby', 'watch eye pull trigger', 'right befor die bow befor bigger nigga', 'dri eye wa heartless hit', 'nigga love scream peac start shit pay attent', 'word rob', 'murder run train mobb deep', 'not fuck', 'nigga bare livin not got sickl cell', 'see seizur stage not feelin well hell', 'mani nigga wanna involv', 'see wa onli talkin biggi', 'kill alla ball', 'tell Da brat keep mouth close', 'fuck around get toss fuckin outlawz', 'befor leav make sure everybodi heard', 'know meant everi motherfuckin word', 'ride enemi', 'buck nigga killer screamin regim', 'deep navi heat like team', 'K scream causin noth murder', 'buck nigga makin hate', 'yeah nigga not give fuck nigga thug lord', 'connect tech N ne touch thug war', 'got love nigga no love', 'give fuck gun clutch', 'onli left ball know heard wanna murder', 'ecaus nigga cook bird kitchen', 'mom itchin whole gang unwrappin chicken', 'nigga wa head jack strap', 'fat gat nigga rat tat tat tat', 'west coast bad boy wa yellin', 'west coast mafia regim thug zellin nigga', 'X']
40	2pac	1995 Police Station Testimony by 2Pac	['woman sir rais right hand pleas swear confirm testimoni give truth noth truth whole truth', 'pac', 'polic could pleas state full name record', 'pac ye pac amaru shakur', 'polic age resid address', 'pac turn th june live decatur georgia', 'polic get interest music', 'pac start poetri write poetri', 'polic junior high high school', 'pac ye junior high high school', 'pac poet saw look web person start turn poetri song got attent', 'polic get rap', 'pac opinion wa rap wa write poetri', 'polic okay', 'pac wa rap guess could say junior high wrote first poem heard radio poet make record sell wa work decid chang method poetri', 'polic defin rap constitut rap', 'pac poetri stori tell poetri', 'polic music music beat', 'pac without music cannot defin rap', 'polic goe ha sometim beat tune doesnt even hasnt got accompani', 'pac No even pentamet rap write structur depend write whether ha beat guess wont sell much dont beat beat sell tool', 'polic perform time solo album peopl call gangsta rap', 'pac No', 'polic not', 'pac No', 'polic would call perform', 'pac rap music', 'polic ever perform gangsta rap', 'pac No', 'polic okay whi would say', 'pac becaus number one not know gangsta rap number two would not classifi music gangsta rap', 'polic heard term', 'pac lot', 'polic okay', 'polic next statement victim real realli got ass beat realli dont like polic', 'pac didnt say right Oh didnt say not say say Im victim real everyth talk real realli got ass beat realli dont like interview wrote polic', 'polic mean', 'pac No', 'polic mean', 'pac realli dont like crook polic', 'polic okay feel okay polic', 'pac feel okay', 'polic like polic', 'pac like everybodi doe job mean depend dont know person meet someon kind heart true fair like especi posit like person ha put life line still fair everybodi meet definit like admir', 'polic awar ani shot policeman especi teenag shot policemen listen', 'lawyer allegedli listen', 'polic right allegedli listen said listen music', 'pac NO', 'polic caus', 'pac none said thi guy start say thi put news danni quayl say', 'polic Im ask awar ani', 'pac No NO', 'polic first start get fan mail rememb year', 'pac No dont', 'polic hear said also receiv unfavour mail', 'pac yeah like thi got lot mail youall', 'polic fan', 'pac No youall guy lawyer lawsuit', 'polic els receiv unfavour mail', 'pac whole career believ got piec hate mail mail ive ever gotten ive gotten onli piec maximum', 'polic respond', 'pac respond hate mail', 'polic ever use illeg drug', 'pac marijuana ye', 'polic ani', 'pac No', 'polic often use marijuana', 'pac whole life point life', 'polic let say', 'lawyer Im go instruct wit not talk ani use possess illeg substanc dont believ relev thi admit use', 'polic think absolut relev tri make choir boy Im tri see realli done', 'lawyer havent made anyth', 'pac tri make devil', 'polic wa intent tri get young black peopl violent polic', 'pac No', 'polic tri provok anybodi anyth particular tri provok make peopl thing', 'pac ye', 'polic tell us', 'pac think use head']
41	2pac	1 for April by 2Pac	['name alon poetri', 'bare know u alreadi', 'cannot explain thi feel feel', 'april', 'want c u moment', 'u leav side till moment u return', 'nonchal cold heart final ha eye onli', 'april', 'risk', 'feel joy u bring', 'accept ridicul', 'exchang word u share', 'thi much', 'april']
42	2pac	1st impression by 2Pac	['thought would seen', 'path cross met', 'knew first glanc', 'u would hard get', 'eye attract first', 'reek sultri confid', 'could not wait touch lip', 'kiss heart intent', 'wa expect', 'moment eras tension', 'awkward first date jitter', 'initi blind date first impress', 'kiss felt passion', 'thi wa cupid bless']
43	2pac	1st Impressions: 4 Irene by 2Pac	['thought would seen', 'path cross met', 'knew first glanc', 'u would hard get', 'eye attract first', 'reek sultri confid', 'could not wait touch lip', 'kiss heart intent', 'wa expect', 'moment eras tension', 'awkward first date jitter', 'initi blind date first impress', 'kiss felt passion', 'thi wa cupid bless']
44	2pac	2 of Amerikaz Most Wanted by 2Pac (Ft. Snoop Dogg)	['', 'not noth gangsta parti', 'Eh light snoop whi actin like', 'ahh shit done fuck', 'not noth gangsta parti', 'done put two america want', 'motherfuckin place motherfuckin time', 'not noth gangsta parti', 'nigga feel thi', 'not noth gangsta parti', 'break champagn glass motherfuckin condom', 'one us aight', 'not noth gangsta parti', 'toast gangster', 'pictur perfect paint perfect pictur', 'bomb hoochi precis intent get richer', 'N doubl P dogg fuckin homi', 'cold ass nigga hog', 'sho nuff keep hand gun', 'ecaus got run', 'back courtroom waitin outcom', 'free pac nigga mind', 'time seem tryin take mine', 'ama get smart get defens shit', 'put togeth million march gangsta shit', 'got us lace', 'two multi millionair motherfuck catchin case', 'bitch get readi throw shit go', 'snoop clown', 'losin religion viciou stool pigeon', 'might deep thi game got rule missin', 'nigga actin like savag get cabbag', 'got noth love nigga livin lavish', 'got pit name petey nigerina', 'got hous hill right next chino', 'think got black beamer', 'dream fli casino', 'like bugsi siegel legal', 'get scoop littl homi regal', 'feel good babi bubba', 'see thi Gs key motherfuck', 'follow ride', 'motherfuck rest two best westsid', 'make famou', 'nigga dyin year could blame us', 'live fear feloni', 'never stop bailin motherfuckin Gs', 'got better flaunt', 'anoth warrant two america want', 'not noth gangsta parti', 'not noth gangsta parti', 'noth gangsta parti', 'not noth gangsta parti', 'noth gangsta parti', 'not noth motherfuckin gangsta parti', 'not noth gangsta parti', 'noth gangsta parti', 'not noth motherfuckin gangsta parti', 'not noth gangsta parti', 'give fifti feet', 'defeat not destini releas street', 'keep whatev left', 'jealousi miseri sufferin greed', 'better prepar coward fuck', 'bust flee nigga must crazi', 'not no merci motherfuck cannot fade thug', 'thought wa wa not disappear', 'bow presenc boss player', 'like cuz blood gang bangin', 'everybodi parti dope slangin', 'gotta paper thi world', 'might get first snatch befor eye swirl', 'job everi day', 'work hard til hair turn gray', 'let tell bout life bout way', 'see live gun die gun kid', 'tell not roll glock', 'got throw away', 'floatin black benz biatch tryin show day', 'wonder live five shot', 'nigga hard kill block', 'scheme currenc dough relat', 'affili hustler made', 'No answer question tryin get', 'nigga dogg etern want', 'not noth gangsta parti', 'not noth gangsta parti', 'not noth gangsta parti', 'not noth gangsta parti', 'noth gangsta parti', 'not noth motherfuckin gangsta parti', 'not noth gangsta parti', 'noth gangsta parti', 'not noth motherfuckin gangsta parti', 'not noth gangsta parti', 'noth gangsta parti', 'not noth motherfuckin gangsta parti', 'not noth gangsta parti', 'noth gangsta parti', 'not noth motherfuckin gangsta parti', 'not noth gangsta parti', 'biatch', 'not noth gangsta parti', 'yeah death row']
45	2pac	2 Of Amerikaz Most Wanted (Live) by 2Pac	['not noth gangsta parti', 'aint nothin gansta parti', 'not nothin gansta parti', 'pictur perfect paint perfect pictur', 'bomb hoochi precis intent get richer', 'N doubl P dogg fuckin homi', 'cold ass nigga hog', 'give fifti feet', 'defeat not destini releas street', 'keep whatev left', 'jealousi miseri sufferin greed', 'better prepar coward fuck', 'bust flee nigga must crazi', 'not no merci motherfuck cannot fade thug', 'thought wa wa not disappear', 'bow presenc boss player', 'like cuz blood gang bangin', 'everybodi parti doin dope slangin', 'gotta paper thi world', 'might get first snatch befor eye swirl', 'doin job everi day', 'work hard til hair turn gray', 'let tell bout life bout way', 'see live gun die gun kid', '', 'aint noth gangsta parti', 'Eh light snoop whi actin like', 'ahh shit done fuck', 'not noth gangsta parti', 'done put two america want', 'motherfuckin place motherfuckin time', 'not noth gangsta parti', 'nigga feel thi', 'not noth gangsta parti', 'break champagn glass motherfuckin condom', 'one us aight', 'not noth gangsta parti', 'toast gangster', 'pictur perfect paint perfect pictur', 'bomb hoochi precis intent get richer', 'N doubl P dogg fuckin homi', 'cold ass nigga hog', 'sho nuff keep hand gun', 'ecaus got run', 'back courtroom waitin outcom', 'free pac nigga mind', 'time seem tryin take mine', 'ama get smart get defens shit', 'put togeth million march gangsta shit', 'got us lace', 'two multi millionair motherfuck catchin case', 'bitch get readi throw shit go', 'snoop clown', 'losin religion viciou stool pigeon', 'might deep thi game got rule missin', 'nigga actin like savag get cabbag', 'got noth love nigga livin lavish', 'got pit name petey nigerina', 'got hous hill right next chino', 'think got black beamer', 'dream fli casino', 'like bugsi siegel legal', 'get scoop littl homi regal', 'feel good babi bubba', 'see thi Gs key motherfuck', 'follow ride', 'motherfuck rest two best westsid', 'make famou', 'nigga dyin year could blame us', 'live fear feloni', 'never stop bailin motherfuckin Gs', 'got better flaunt', 'anoth warrant two america want', 'not noth gangsta parti', 'not noth gangsta parti', 'noth gangsta parti', 'not noth gangsta parti', 'noth gangsta parti', 'not noth motherfuckin gangsta parti', 'not noth gangsta parti', 'noth gangsta parti', 'not noth motherfuckin gangsta parti', 'not noth gangsta parti', 'give fifti feet', 'defeat not destini releas street', 'keep whatev left', 'jealousi miseri sufferin greed', 'better prepar coward fuck', 'bust flee nigga must crazi', 'not no merci motherfuck cannot fade thug', 'thought wa wa not disappear', 'bow presenc boss player', 'like cuz blood gang bangin', 'everybodi parti dope slangin', 'gotta paper thi world', 'might get first snatch befor eye swirl', 'job everi day', 'work hard til hair turn gray', 'let tell bout life bout way', 'see live gun die gun kid', 'tell not roll glock', 'got throw away', 'floatin black benz biatch tryin show day', 'wonder live five shot', 'nigga hard kill block', 'scheme currenc dough relat', 'affili hustler made', 'No answer question tryin get', 'nigga dogg etern want', 'not noth gangsta parti', 'not noth gangsta parti', 'not noth gangsta parti', 'not noth gangsta parti', 'noth gangsta parti', 'not noth motherfuckin gangsta parti', 'not noth gangsta parti', 'noth gangsta parti', 'not noth motherfuckin gangsta parti', 'not noth gangsta parti', 'noth gangsta parti', 'not noth motherfuckin gangsta parti', 'not noth gangsta parti', 'noth gangsta parti', 'not noth motherfuckin gangsta parti', 'not noth gangsta parti', 'give hous blue', 'death row', 'death row thi motherfuck', 'west side', 'west side', 'peac', 'bad boy killer hous', 'mobb deep killer hous', 'Go west side outlaw', 'west side', 'nigga know coco No', 'noth gangsta parti', 'let hous loos', 'doggi style thi motherfuck']
46	2pac	2 Of Amerikaz Most Wanted (Live 1996) by 2Pac (Ft. Tha Dogg Pound, K-Ci & JoJo, Nate Dogg, Outlawz & Snoop Dogg)	['not noth gangsta parti cmon cmon', 'not noth gangsta parti sing shit sing shit', 'not noth gangsta parti pac', 'pictur perfect paint perfect pictur', 'bomb hoochi precis intent get richer', 'N doubl P dogg fuckin homi', 'cold ass nigga hog', 'sho nuff keep hand gun', 'ecaus got run', 'back courtroom waitin outcom', 'free pac nigga mind', 'time seem tryin take mine', 'ama get smart get defens shit', 'put togeth million march gangsta shit', 'got us lace', 'two multi millionair motherfuck catchin case', 'bitch get readi throw shit go', 'snoop clown', 'losin religion viciou stool pigeon', 'might deep thi game got rule missin', 'nigga actin like savag get cabbag', 'got noth love nigga livin lavish', 'got pit name petey nigerina', 'got hous hill right next chino', 'think got black beamer', 'dream fli casino', 'like bugsi siegel legal', 'get scoop young homi regal', 'feel good babi bubba', 'see thi Gs key motherfuck', 'follow ride', 'motherfuck rest two best westsid', 'make famou', 'nigga dyin year could blame us', 'live fear feloni', 'never stop bailin westcoast Gs', 'got better flaunt', 'anoth warrant two america want', 'not noth gangsta parti', 'not noth gangsta parti', 'noth gangsta parti', 'not noth motherfuckin gangsta parti', 'not noth gangsta parti', 'noth gangsta parti', 'not noth motherfuckin gangsta parti', 'not noth gangsta parti', 'noth gangsta parti', 'not noth motherfuckin gangsta parti', 'give fifti feet', 'defeat not destini releas street', 'keep whatev left', 'jealousi miseri sufferin greed', 'better prepar coward fuck', 'bust flee nigga must crazi', 'not no merci motherfuck cannot fade thug', 'thought wa wa not disappear', 'bow presenc boss player', 'like cuz blood gang bangin', 'everybodi parti dope slangin', 'gotta paper thi world', 'might get first snatch befor eye swirl', 'job everi day', 'work hard til hair turn gray', 'let tell bout life bout way', 'see live strap die strap kid', 'tell not roll glock', 'got throw away', 'floatin black benz biatch tryin show day', 'wonder live five shot', 'nigga hard kill block', 'scheme currenc dough relat', 'affili hustler made', 'No answer question tryin get', 'nigga dogg etern want', 'gangsta run thi motherfuck', 'hell yeah', 'laker run thi motherfuck', 'hell yeah', 'gangsta run thi motherfuck', 'hell yeah', 'ladi run thi motherfuck', 'hell yeah', 'west side thi motherfuckin parti', 'gangsta parti', 'not noth motherfuckin gangsta parti', 'west side thi motherfuckin parti', 'gangsta parti', 'not noth motherfuckin gangsta parti', 'west side thi motherfuckin parti', 'gangsta parti', 'not noth motherfuckin gangsta parti', 'west side west side', 'gangsta parti', 'not noth motherfuckin gangsta parti', 'west side west side', 'gangsta parti', 'not noth motherfuckin gangsta parti', 'death row', 'gangsta parti', 'not noth motherfuckin gangsta parti', 'outlawz thi motherfuck', 'deathrow thi motherfuck', 'deathrow finest', 'one love west coast one love', 'stay stay representin']
47	2pac	2 of Amerikaz Most Wanted (Nu-Mixx) by 2Pac (Ft. Crooked I)	['turn light muthafuckin top', 'Im pac thi bitch', 'yeah', 'not noth gangsta', 'capit R shit shit', 'aint noth gangsta', 'la vega crook tha row mix bitch', 'not noth gangsta parti', 'let em know nigga', 'pictur perfect paint perfect pictur', 'bomb hoochi precis intent get richer', 'N doubl P dogg fuckin homi', 'cold ass nigga hoe', 'goe got heater cock Im readi ride', 'whoever readi beef better readi hide', 'shot whoever surviv', 'yeah nigga leav scene never aliv', 'cut slut top', 'got come plot dont come shot', 'pac', 'got us lace', 'two multi millionair motherfuck catchin case', 'bitch get readi throw shit go', 'snoop clown', 'losin religion viciou stool pigeon', 'might deep thi game got rule missin', 'nigga actin like savag get cabbag', 'got noth love nigga livin lavish', 'yeah livin lavish get cabbag habit', 'befor ama', 'broad camisol camera', 'count money ram dog', 'hate sinc minut blew', 'let enemi wit new blue infin Q', 'sippin coke mix hennessi', 'whoever not friend thi industri finna', 'yeah', 'follow ride', 'motherfuck rest two best westsid', 'make famou', 'nigga dyin year could blame us', 'live fear feloni', 'never stop bailin motherfuckin Gs', 'got better flaunt', 'anoth warrant two america want', 'not noth gangsta', 'west coast tha row mix nigga', 'not noth gangsta parti', 'noth gangsta parti', 'tha row worldwid gangsta parti', 'not noth gangsta parti', 'noth gangsta parti', 'tha row worldwid gangsta parti', 'not noth gangsta parti', 'noth gangsta parti', 'tha row worldwid gangsta parti', 'give fifti feet', 'defeat not destini releas street', 'keep whatev left', 'jealousi miseri sufferin greed', 'better prepar coward fuck', 'bust flee nigga must crazi', 'not no merci motherfuck cannot fade thug', 'thought wa wa not disappear', 'bow presenc boss player', 'boss playa boss playa get money floss later', 'hater scratch em like cross fader', 'darth vader strap like violat', 'southern cal street wild Al qaeda', 'better watch bang', 'ride first class leav plane', 'listen mayn better tri spread love', 'brand new west head', 'tell not roll glock', 'got throw away', 'floatin black benz biatch tryin show day', 'wonder live five shot', 'nigga hard kill block', 'scheme currenc dough relat', 'affili hustler made', 'No answer question tryin get', 'nigga dogg etern want', 'not noth gangsta', 'not noth gangsta parti', 'noth gangsta parti', 'tha row worldwid gangsta parti', 'not noth gangsta', 'noth gangsta parti', 'tha row worldwid gangsta parti', 'not noth gangsta parti', 'noth gangsta parti', 'tha row worldwid gangsta parti', 'yeah vega crook makav', 'without weak ass nigga', 'capit R nigga yeah', 'row peac']
48	2pac	2Pac and Biggie (Freestyle At Table) by 2Pac (Ft. The Notorious B.I.G.)	['readi nigga readi raw dog shit nigga', 'okay right let see ama hit wit wanna set', 'ayi scare freestyl', 'scare freestyl flow', 'high might go tempo', 'back let nigga know deep', 'game run pacalyps not sleep', 'keep motherfuck glock car', 'hold club gotta fuck star', 'everybodi wanna smile rais hand', 'got razor case gotta neck next man', 'ecaus know nigga wanna see', 'pac real like nigga movi', 'guess gotta prove point', 'slicin motherfuck joint', 'got nigga B G besid', 'bitch dick know hoe wanna ride', 'homi like spike lee', 'got camera nigga guess like', 'bout pass thi motherfuck', 'ecaus thi tanqueray get hella strong', 'money hoe cloth', 'blunt smoke come nose nigga know', 'flippin foe puttin tag toe', 'watchin stash grow clockin cash flow', 'neighborhood gravedigg', 'gettin paid much bitch wanna see nigga', 'guess figur paid wanna get laid', 'sinc got loot wanna knock boot', 'huh rather beat dick trick', 'not suck not fuck', 'huh rather lick buck drive fat ass truck', 'grab nine two clip run', 'ye flex benz sinc wreck shit', 'fuck expect', 'fli guy well fuck ama high guy bed stuy', 'puttin swellin eye', 'nose even choke ya stop breathin', 'polic come leavin']
